{
    "ethereum": [
        [
            1696032000000,
            1667.9888487709648
        ],
        [
            1696118400000,
            1670.9989557571496
        ],
        [
            1696204800000,
            1733.8180349156962
        ],
        [
            1696291200000,
            1665.2764251106737
        ],
        [
            1696377600000,
            1656.3220030722484
        ],
        [
            1696464000000,
            1648.1933725281149
        ],
        [
            1696550400000,
            1612.9948892467298
        ],
        [
            1696607922000,
            1642.8729422027773
        ]
    ],
    "tether": [
        [
            1696032000000,
            0.9998617067349838
        ],
        [
            1696118400000,
            1.0000815536249243
        ],
        [
            1696204800000,
            0.9997551660901551
        ],
        [
            1696291200000,
            1.0000961609952557
        ],
        [
            1696377600000,
            1.0002350507955104
        ],
        [
            1696464000000,
            1.0000664433823179
        ],
        [
            1696550400000,
            0.9997696648080127
        ],
        [
            1696606501000,
            1.0005525673571907
        ]
    ],
    "binancecoin": [
        [
            1696032000000,
            215.1422803842829
        ],
        [
            1696118400000,
            214.69695348592128
        ],
        [
            1696204800000,
            217.96384659394644
        ],
        [
            1696291200000,
            214.82304495573942
        ],
        [
            1696377600000,
            213.57799312655078
        ],
        [
            1696464000000,
            213.35254544689778
        ],
        [
            1696550400000,
            210.81952472137328
        ],
        [
            1696607778000,
            212.64800209535076
        ]
    ],
    "usd-coin": [
        [
            1696032000000,
            0.9999651345940477
        ],
        [
            1696118400000,
            1.0000615855617367
        ],
        [
            1696204800000,
            1.0007804945095848
        ],
        [
            1696291200000,
            1.0007268073575266
        ],
        [
            1696377600000,
            0.9999000604511676
        ],
        [
            1696464000000,
            0.9997599499655219
        ],
        [
            1696550400000,
            1.0003971325328818
        ],
        [
            1696606797000,
            1.0002687958227487
        ]
    ],
    "staked-ether": [
        [
            1696032000000,
            1667.2664269190238
        ],
        [
            1696118400000,
            1669.6694959506988
        ],
        [
            1696204800000,
            1736.274594811311
        ],
        [
            1696291200000,
            1664.8149552742864
        ],
        [
            1696377600000,
            1654.6037053649068
        ],
        [
            1696464000000,
            1648.3572597499094
        ],
        [
            1696550400000,
            1613.3110669425391
        ],
        [
            1696606761000,
            1648.2753819987847
        ]
    ],
    "the-open-network": [
        [
            1696032000000,
            2.159353698459156
        ],
        [
            1696118400000,
            2.1064282595705475
        ],
        [
            1696204800000,
            2.1290131697724757
        ],
        [
            1696291200000,
            2.022959546457335
        ],
        [
            1696377600000,
            2.0387703512909856
        ],
        [
            1696464000000,
            1.9562512217098755
        ],
        [
            1696550400000,
            2.0556447211912894
        ],
        [
            1696608152000,
            2.1639573843392594
        ]
    ],
    "matic-network": [
        [
            1696032000000,
            0.5255830427835987
        ],
        [
            1696118400000,
            0.5329208592088506
        ],
        [
            1696204800000,
            0.5686203809845738
        ],
        [
            1696291200000,
            0.5476850276771246
        ],
        [
            1696377600000,
            0.5666658079022723
        ],
        [
            1696464000000,
            0.5644347971590804
        ],
        [
            1696550400000,
            0.5461119262346203
        ],
        [
            1696606977000,
            0.5659125412434389
        ]
    ],
    "wrapped-bitcoin": [
        [
            1696032000000,
            26876.187376105834
        ],
        [
            1696118400000,
            26873.077722632403
        ],
        [
            1696204800000,
            27953.312819299113
        ],
        [
            1696291200000,
            27608.961477171477
        ],
        [
            1696377600000,
            27388.307650094524
        ],
        [
            1696464000000,
            27785.785333108448
        ],
        [
            1696550400000,
            27496.15917838519
        ],
        [
            1696607513000,
            27975.83125558857
        ]
    ],
    "shiba-inu": [
        [
            1696032000000,
            0.000007313578485477836
        ],
        [
            1696118400000,
            0.0000073374781539940485
        ],
        [
            1696204800000,
            0.000007521983371481118
        ],
        [
            1696291200000,
            0.000007330899302437884
        ],
        [
            1696377600000,
            0.000007274884302687024
        ],
        [
            1696464000000,
            0.000007246932689176292
        ],
        [
            1696550400000,
            0.000007147594706050957
        ],
        [
            1696608162000,
            0.000007217381422278962
        ]
    ],
    "chainlink": [
        [
            1696032000000,
            7.957478510718355
        ],
        [
            1696118400000,
            8.173275205355003
        ],
        [
            1696204800000,
            8.042026246577885
        ],
        [
            1696291200000,
            7.472030354142351
        ],
        [
            1696377600000,
            7.418879844248799
        ],
        [
            1696464000000,
            7.688843987507268
        ],
        [
            1696550400000,
            7.47466112605068
        ],
        [
            1696606433000,
            7.64904840889753
        ]
    ]
}